{"pred_grad_last_layer":0,"global_step":275,"input_var":1.1537916660308838,"enc_grad_norm":0,"_runtime":1223.747672932,"_step":275,"lr":0.000210625,"gpu_time_ms":3546.12646484375,"iteration":275,"wall_time_ms":4161.150932312012,"pred_grad_first_layer":0,"_wandb":{"runtime":1223},"loss":0.23713502287864685,"loss_jepa":0.23713502287864685,"enc_grad_last_layer":0,"pred_grad_norm":0,"loss_reg":0.82421875,"weight_decay":0.04000355304589531,"enc_grad_first_layer":0,"epoch":1,"input_var_min":0.24248676002025604,"_timestamp":1.7374882753092155e+09}