{"pred_grad_last_layer":0,"gpu_time_ms":3962.509521484375,"global_step":156,"pred_grad_norm":0,"wall_time_ms":5249.742746353149,"input_var":1.29734206199646,"pred_grad_first_layer":0,"_runtime":787.424110015,"lr":0.0002060439311594203,"enc_grad_last_layer":0,"enc_grad_norm":0,"input_var_min":0.633482038974762,"_wandb":{"runtime":787},"_step":156,"epoch":1,"_timestamp":1.7374340202013683e+09,"loss":0.4425160884857178,"weight_decay":0.04000114969574625,"iteration":156,"enc_grad_first_layer":0,"loss_reg":0.7109375,"loss_jepa":0.4425160884857178}